"","Region","Dosis","3","4","5","6","7","8","9","10","11","12","13","14","15","16","17","18","19","20","21","22","23","24","25","26","27","28","29","30","31","32","33","34","35","36","37","38","39","40","41","42","43","44","45","46","47","48","49","50","51","52","53","54","55","56","57","58","59","60","61","62","63","64","65","66","67","68","69","70","71","72","73","74","75","76","77","78","79","80","total"
"1","Total","Primera",0,0,0,0,0,0,0,0,0,0,0,0,188433,175734,198042,271432,240020,232906,238585,244521,248445,267302,248910,255439,245730,244266,239915,180769,215866,244384,246159,253696,246011,262535,272035,292864,296746,302178,307769,316884,318676,309858,294766,282530,272591,263762,257223,265123,269669,253793,246049,235066,229375,229507,238723,244418,245611,245215,240549,233175,224603,229897,234095,234667,235763,235032,231405,231516,220944,218830,202745,196277,191286,182322,173740,158540,156631,143955,15855503
"2","Total","Segunda",0,0,0,0,0,0,0,0,0,0,0,0,151111,149696,172979,251330,226887,221831,228379,234922,240288,260984,243723,250858,241508,240132,235939,175986,210704,238475,239602,247007,238907,255331,264731,285522,289536,295175,300737,310156,312222,303752,289060,277307,267913,259366,252969,261096,265718,250263,242735,231992,226571,226843,236157,241810,243013,242736,238217,231025,222612,228002,232221,232866,234033,233223,229858,229800,219425,217322,201309,195045,190092,181208,172711,157626,155725,143116,15479395
"3","Total","Unica",0,0,0,0,0,0,0,0,0,0,0,0,0,0,0,0,0,0,0,0,0,0,0,0,0,0,0,79843,37565,21229,18697,23488,38024,29620,25109,18539,17280,16796,16586,15699,14900,14167,13208,12347,11478,10667,10005,9855,9928,8970,8384,7834,7194,6982,6362,6583,6029,5668,5238,4894,4467,4387,4208,3930,3697,3525,3198,3131,2782,1330,180,110,92,110,58,54,37,41,574505
"4","Antofagasta","Refuerzo",0,0,0,0,0,0,0,0,0,0,0,0,39740,49676,71191,152418,146201,146816,154349,160700,174480,205023,192445,204586,202474,207213,213743,233647,226279,235494,232690,243146,248180,255120,259664,272529,275708,281019,286688,295341,297241,289637,275942,265050,256513,248233,242796,251107,256350,241503,234302,224596,219409,220188,229257,235104,236057,235667,231125,224417,216112,221278,225341,226279,227652,226635,223171,223232,212717,209679,193242,187219,182785,174096,165906,151337,149829,137439,14135003
"5","Antofagasta","Cuarta",0,0,0,0,0,0,0,0,0,0,0,0,11,7,45,10926,12126,13365,14164,15154,19866,46241,48279,73548,92576,112743,148954,176021,171444,177750,174236,180395,183575,188488,192180,203159,206147,211339,217671,225722,228829,224531,215126,207607,202264,197211,194123,202074,207780,196612,191628,185183,181651,183471,192566,198070,199284,199686,196427,191664,185015,189529,193713,195209,197089,196732,194159,194643,185640,183765,169886,165433,162202,155024,148125,135394,134374,123205,10221056
"6","Antofagasta","Primera",6931,6723,7686,10570,9295,9121,9331,9475,9762,10104,9421,10074,9257,9089,8954,6551,8700,9772,10307,10870,9634,10443,11684,12466,12901,13045,12874,13313,13239,12895,12393,11797,11179,10870,10194,10424,10604,10277,9835,9246,9265,9228,9236,9213,9375,9219,8824,8453,7856,7473,7362,7173,7326,7238,7284,7100,6622,6581,5936,5607,5512,5245,4871,4368,4210,3881,3363,3216,2923,2662,2528,2286,2163,2016,1827,1713,1462,9754,631677
"7","Arica y Parinacota","Segunda",5448,5597,6628,9740,8664,8641,8879,9075,9408,9843,9204,9880,9067,8915,8790,6303,8396,9457,9896,10449,9252,10055,11315,12078,12568,12700,12577,12985,12954,12615,12143,11557,10984,10680,10011,10255,10426,10110,9696,9118,9148,9115,9128,9098,9257,9113,8724,8358,7761,7395,7291,7108,7268,7171,7213,7029,6569,6523,5894,5568,5468,5210,4842,4335,4190,3860,3346,3192,2909,2643,2508,2272,2142,1995,1812,1698,1446,9602,614560
"8","Arica y Parinacota","Unica",0,0,0,0,0,0,0,0,0,0,0,0,0,0,0,3282,1302,628,523,506,1919,1980,1004,731,633,626,624,526,525,483,481,439,375,376,380,337,326,285,287,269,253,219,172,180,150,136,119,119,102,95,82,82,82,77,57,74,49,16,3,3,4,2,1,0,1,1,1,0,0,0,0,0,0,0,0,0,1,0,20928
"9","Arica y Parinacota","Refuerzo",1605,1955,2741,5732,5373,5604,5924,6193,6831,7825,7280,8135,7656,7702,8020,8655,8686,8942,9237,9705,9864,10750,10982,11460,11962,12058,11974,12406,12430,12073,11660,11137,10591,10283,9685,9909,10084,9792,9429,8891,8911,8886,8857,8858,9003,8863,8431,8108,7530,7183,7081,6885,7073,6950,6983,6818,6373,6320,5664,5377,5266,5023,4669,4175,4030,3715,3216,3060,2794,2506,2378,2175,2031,1881,1708,1590,1353,8603,561548
"10","Atacama","Cuarta",0,0,0,420,421,529,557,573,795,1687,1657,3104,3556,4207,5593,6467,6529,6613,6792,7012,7092,7650,7950,8441,8847,9051,9146,9521,9625,9365,9225,8806,8449,8319,7861,8122,8323,8106,7843,7483,7597,7638,7617,7665,7789,7727,7367,7147,6666,6323,6241,6129,6293,6172,6184,6080,5669,5675,5066,4828,4743,4511,4204,3759,3677,3355,2914,2731,2496,2266,2138,1960,1803,1650,1497,1372,1165,7110,410961
"11","Atacama","Primera",2110,2268,2499,3748,3470,3429,3516,3683,3652,4007,3646,3434,3414,3469,3529,3111,3283,3686,3716,3904,3695,3851,3918,3938,3920,3877,4015,4055,4092,3912,3879,3887,3693,3718,3397,3549,3558,3327,3255,3109,2981,3095,2974,3166,3246,3249,3102,3129,2836,2684,2593,2659,2655,2651,2624,2749,2418,2447,2318,2315,2218,2132,2074,2022,1913,1757,1614,1575,1494,1447,1413,1325,1258,1089,1159,972,818,5568,229958
"12","Atacama","Segunda",1516,1752,1984,3308,3156,3174,3283,3459,3454,3871,3523,3342,3318,3373,3426,2976,3132,3509,3511,3712,3513,3688,3735,3762,3753,3725,3863,3927,3972,3804,3778,3783,3595,3620,3311,3462,3476,3253,3182,3030,2915,3048,2927,3108,3190,3203,3056,3085,2789,2639,2554,2632,2619,2620,2602,2712,2389,2420,2299,2290,2199,2121,2059,1994,1895,1748,1600,1562,1477,1433,1400,1317,1248,1076,1143,962,809,5467,221618
"13","Aysén","Unica",0,0,0,0,0,0,0,0,0,0,0,0,0,0,0,609,463,325,328,350,547,437,448,362,355,294,342,309,285,315,276,283,249,240,218,253,230,220,203,195,188,174,159,174,158,154,123,123,131,105,90,94,93,83,74,93,64,31,7,1,2,2,2,0,0,0,0,0,0,1,0,0,0,0,0,0,0,0,10262
"14","Aysén","Refuerzo",290,387,582,1784,1891,1997,2155,2235,2431,2993,2740,2653,2707,2817,3020,3162,3145,3364,3327,3508,3508,3563,3648,3624,3605,3505,3712,3758,3853,3730,3693,3678,3524,3532,3235,3402,3390,3191,3099,2995,2877,3004,2854,3075,3122,3131,2984,3033,2731,2557,2504,2582,2577,2580,2542,2675,2311,2337,2202,2191,2099,2036,1981,1905,1811,1672,1523,1505,1411,1375,1354,1253,1179,1016,1060,899,753,4791,200925
"15","Aysén","Cuarta",0,0,2,33,64,77,74,76,116,606,699,870,1055,1341,1911,2190,2188,2360,2304,2389,2388,2434,2425,2494,2526,2466,2632,2692,2788,2699,2743,2729,2715,2716,2469,2631,2696,2516,2403,2379,2290,2431,2298,2511,2585,2592,2470,2528,2284,2141,2097,2180,2200,2221,2206,2303,1995,2057,1929,1904,1834,1834,1762,1708,1610,1509,1390,1364,1249,1236,1197,1109,1039,888,927,792,650,3840,141056
"16","Biobío","Primera",2998,3165,3557,4863,4541,4443,4593,4855,4789,5152,4685,4755,4574,4348,4253,3916,4122,4366,4300,4541,4471,4796,5060,5114,5345,5476,5436,5526,5670,5385,5233,4796,4770,4590,4404,4447,4661,4399,4065,4052,4032,3840,3882,4147,3922,3953,3904,3952,3804,3877,4032,3905,3826,3886,3929,3826,3584,3827,3359,3294,3095,2936,2759,2575,2445,2323,2066,1845,1816,1623,1579,1369,1418,1298,1165,1102,1065,7027,300799
"17","Biobío","Segunda",2390,2589,3053,4431,4226,4153,4355,4628,4609,4995,4568,4636,4476,4233,4142,3780,3971,4186,4137,4351,4285,4625,4890,4941,5182,5317,5289,5394,5522,5256,5107,4715,4689,4514,4298,4374,4571,4323,4005,3997,3986,3780,3827,4082,3867,3889,3847,3894,3757,3842,3993,3860,3783,3845,3894,3790,3546,3792,3323,3264,3076,2915,2741,2556,2432,2305,2052,1834,1806,1617,1571,1362,1411,1281,1152,1093,1053,6896,292217
"18","Biobío","Unica",0,0,0,0,0,0,0,0,0,0,0,0,0,0,0,713,427,291,303,272,295,270,263,247,214,233,241,224,224,206,174,164,186,167,145,142,127,127,117,106,102,114,91,121,97,82,76,68,81,66,72,66,59,63,62,53,52,15,5,3,1,3,2,2,1,2,0,0,0,0,2,0,1,0,0,0,0,1,7241
"19","Coquimbo","Refuerzo",581,795,1117,2504,2642,2605,2796,2955,3280,3830,3518,3674,3625,3519,3650,3964,3871,3870,3848,4026,3957,4289,4563,4657,4789,5017,4975,5079,5218,4986,4809,4452,4494,4336,4095,4204,4393,4144,3860,3842,3830,3673,3706,3970,3765,3787,3741,3783,3618,3729,3883,3750,3685,3740,3781,3692,3428,3684,3194,3140,2980,2814,2630,2477,2333,2206,1963,1743,1720,1544,1514,1289,1354,1213,1090,1010,974,6105,261367
"20","Coquimbo","Cuarta",2,0,3,126,166,187,192,205,306,712,710,1058,1367,1590,2235,2660,2638,2621,2511,2725,2606,2904,3156,3214,3349,3576,3608,3683,3870,3740,3621,3342,3412,3342,3160,3263,3541,3276,3105,3114,3186,3024,3054,3314,3130,3189,3162,3201,3040,3158,3331,3220,3135,3266,3247,3178,2960,3236,2834,2760,2624,2508,2311,2183,2094,1944,1753,1569,1512,1387,1326,1131,1178,1043,938,875,830,4833,183560
"21","Coquimbo","Primera",1014,937,1158,1580,1438,1398,1464,1487,1625,1859,1705,1673,1580,1639,1436,1164,1092,851,911,955,1082,1146,1299,1395,1406,1474,1593,1708,1758,1713,1614,1531,1573,1479,1477,1477,1484,1542,1451,1450,1394,1347,1414,1334,1367,1302,1326,1298,1291,1234,1266,1314,1313,1256,1220,1170,1208,1193,1191,1074,1104,1057,995,916,836,807,720,662,584,540,525,503,447,411,377,381,339,2286,95620
"22","Ignorada","Segunda",787,764,987,1464,1354,1333,1411,1425,1581,1814,1662,1641,1555,1601,1410,1144,1080,834,892,936,1063,1122,1273,1379,1393,1456,1572,1690,1741,1701,1596,1519,1561,1468,1467,1463,1474,1531,1439,1443,1383,1340,1407,1322,1361,1295,1318,1286,1279,1229,1260,1306,1307,1250,1207,1166,1202,1184,1184,1067,1098,1052,991,907,830,800,716,656,579,535,522,496,444,409,373,377,334,2252,93750
"23","Ignorada","Unica",0,0,0,0,0,0,0,0,0,0,0,0,0,0,0,634,601,562,516,485,403,372,345,342,322,332,312,326,295,304,311,280,223,235,234,225,209,203,178,177,173,180,180,164,152,170,133,132,126,121,115,87,103,109,92,72,71,20,1,1,0,2,0,0,0,0,0,0,0,0,0,0,0,0,0,0,0,0,10630
"24","Ignorada","Refuerzo",162,199,379,888,881,930,985,992,1052,1389,1253,1268,1245,1301,1248,1627,1561,1247,1236,1250,1312,1296,1427,1526,1532,1613,1691,1822,1805,1814,1714,1635,1611,1584,1575,1560,1543,1611,1524,1508,1458,1436,1482,1383,1406,1392,1366,1335,1327,1271,1296,1333,1321,1287,1229,1175,1196,1143,1121,1003,1048,999,946,860,792,763,681,623,549,511,492,461,420,380,349,354,311,1982,91277
"25","Araucanía","Cuarta",0,0,0,26,34,38,31,55,57,376,399,510,554,661,807,1185,1161,856,852,839,922,864,978,1038,1084,1138,1195,1335,1306,1360,1287,1228,1225,1213,1206,1209,1221,1264,1204,1194,1167,1149,1207,1132,1138,1121,1109,1091,1054,1017,1063,1100,1076,1044,998,946,978,954,950,845,858,860,804,747,684,673,588,524,475,437,415,394,345,307,296,295,254,1542,63549
"26","Araucanía","Primera",15045,14780,16902,23612,20579,20074,20686,21581,21883,23226,21942,23347,21775,21655,21458,17780,18252,20241,20167,21207,22377,23017,22963,23894,24089,24883,25651,25804,25906,24632,23221,22566,21537,20717,20707,21427,22142,21070,20559,19483,19123,18976,20121,20889,21339,21734,21559,20944,20632,21232,22015,21840,21862,21490,20832,20764,20372,19896,18613,17857,17320,16599,15976,14869,14971,13748,12523,11697,11182,10618,10037,9592,9158,8220,7655,7166,6712,45701,1518671
"27","Araucanía","Segunda",12011,12579,14719,21809,19449,19086,19817,20715,21193,22672,21516,22989,21447,21359,21173,17455,17957,19904,19799,20864,21983,22619,22557,23530,23710,24513,25274,25446,25557,24284,22923,22275,21276,20455,20455,21188,21904,20851,20368,19295,18964,18798,19950,20729,21149,21558,21397,20783,20474,21086,21870,21690,21729,21357,20710,20624,20270,19775,18502,17763,17218,16500,15870,14791,14904,13663,12444,11629,11111,10557,9961,9521,9082,8149,7592,7104,6649,45035,1489934
"28","O’Higgins","Unica",0,0,0,0,0,0,0,0,0,0,0,0,0,0,0,5517,3709,2406,2128,2360,1857,1610,1455,1129,1127,1120,1147,1118,1001,941,947,871,813,766,721,756,835,731,681,637,556,515,507,563,524,532,497,493,419,423,399,353,350,329,288,297,274,120,10,2,5,9,1,3,3,2,3,0,0,0,2,0,1,0,0,2,2,0,43867
"29","O’Higgins","Refuerzo",2879,3865,5897,13293,12590,12670,13425,14135,15099,17546,16821,18566,17913,18273,19191,21239,20044,20611,20204,21397,21865,22191,22073,22683,22797,23603,24400,24595,24573,23405,22280,21595,20650,19895,19823,20684,21397,20360,19829,18917,18539,18390,19509,20333,20719,21129,20890,20326,19976,20564,21296,21171,21226,20780,20120,20086,19738,19163,17786,17062,16576,15875,15272,14241,14392,13128,11944,11167,10642,10088,9527,9033,8590,7681,7150,6629,6206,40080,1370297
"30","O’Higgins","Cuarta",3,1,4,867,934,1038,1141,1181,1541,3662,3900,6719,7902,9716,13371,16067,15339,15709,15403,16146,16513,16690,16713,17290,17371,18053,18684,19053,19060,18402,17468,17132,16427,15983,16029,16803,17466,16667,16336,15652,15395,15401,16498,17303,17578,17982,17855,17476,17049,17608,18324,18295,18383,18029,17524,17526,17230,16794,15661,15100,14726,14160,13662,12793,12866,11754,10718,10045,9562,9036,8473,7949,7568,6705,6261,5724,5320,32244,1017013
"31","Los Lagos","Primera",7371,7496,8846,12677,11520,11494,11815,12008,12279,13172,12029,12356,11801,11497,11124,8147,9848,11601,11332,11594,10513,11274,11847,12524,12951,13025,13032,13490,13543,13264,12601,12135,11833,11481,11203,11193,11562,10888,10505,10505,10106,10255,10567,11001,10721,10642,10487,10045,10086,10386,10741,10418,10357,10134,9841,10111,9460,9825,8961,8799,8374,8050,8267,7658,7400,6746,6232,5943,5483,5356,4929,4424,4597,4212,4015,3816,3414,23872,785107
"32","Los Lagos","Segunda",5868,6324,7673,11638,10821,10916,11242,11526,11838,12871,11799,12131,11608,11290,10944,7904,9602,11285,11006,11262,10151,10983,11527,12239,12629,12716,12751,13199,13258,13008,12378,11890,11633,11304,11023,11036,11382,10749,10363,10390,9997,10145,10451,10868,10602,10529,10385,9949,9998,10321,10642,10323,10280,10052,9785,10049,9401,9775,8891,8754,8322,8000,8237,7628,7360,6707,6206,5921,5456,5328,4898,4399,4571,4191,3983,3782,3381,23520,767244
"33","Los Lagos","Unica",0,0,0,0,0,0,0,0,0,0,0,0,0,0,0,3751,1736,857,655,696,1779,1573,1064,750,696,624,654,589,586,548,518,460,469,432,416,378,397,392,325,318,287,291,281,258,265,212,227,187,201,172,198,162,154,161,163,133,126,82,13,12,6,5,4,4,1,3,3,5,2,1,2,3,3,2,0,2,0,1,24295
"34","Los Ríos","Refuerzo",1376,1815,2732,6431,6566,6772,7187,7618,8453,10114,9303,9994,9702,9748,9893,10636,10268,10843,10360,10640,10628,11181,11170,11528,11887,12008,12099,12492,12585,12337,11749,11317,11131,10807,10610,10594,10970,10435,9971,10047,9677,9863,10113,10522,10290,10190,10044,9612,9687,9997,10323,10013,10003,9749,9516,9775,9123,9441,8503,8430,8024,7705,7940,7353,7095,6453,6000,5689,5237,5106,4677,4196,4355,3980,3745,3517,3128,20531,695599
"35","Los Ríos","Cuarta",0,0,1,400,481,525,488,562,788,2092,2201,3617,4244,4834,6710,7777,7528,7791,7332,7527,7566,7953,7947,8299,8629,8794,8965,9259,9429,9338,9017,8719,8654,8511,8324,8455,8765,8425,8105,8193,8005,8157,8494,8886,8642,8571,8491,8192,8223,8462,8827,8542,8615,8450,8231,8481,7940,8227,7485,7420,7110,6819,7101,6538,6349,5794,5380,5124,4684,4572,4212,3730,3850,3505,3305,3033,2664,16377,502733
"36","Los Ríos","Primera",1,0,0,3,1,0,0,0,0,1,0,2,0,0,2,1,0,3,0,1,2,0,1,0,2,0,1,1,2,2,1,0,1,0,0,0,0,0,0,2,2,1,0,0,0,0,0,0,0,1,0,0,0,0,1,2,1,1,0,1,0,0,0,0,0,0,0,0,0,1,0,0,1,0,0,0,0,0,42
"37","Magallanes","Segunda",0,0,0,2,1,0,0,0,0,1,0,2,0,0,2,1,0,3,0,1,2,0,1,0,2,0,1,1,2,2,1,0,1,0,0,0,0,0,0,2,2,1,0,0,0,0,0,0,0,1,0,0,0,0,1,2,1,1,0,1,0,0,0,0,0,0,0,0,0,1,0,0,1,0,0,0,0,0,40
"38","Magallanes","Unica",0,0,0,0,0,0,0,0,0,0,0,0,0,0,0,0,0,0,0,0,0,0,0,0,0,0,0,0,0,0,0,0,0,0,0,0,0,0,0,0,0,0,0,0,0,0,0,0,0,0,0,0,0,0,0,0,0,0,0,0,0,0,0,0,0,0,0,0,0,0,0,0,0,0,0,0,0,0,0
"39","Magallanes","Refuerzo",0,0,0,1,1,0,0,0,0,1,0,2,0,0,2,1,0,3,0,1,2,0,1,0,2,0,1,1,2,2,1,0,1,0,0,0,0,0,0,2,2,1,0,0,0,0,0,0,0,1,0,0,0,0,1,2,1,1,0,1,0,0,0,0,0,0,0,0,0,1,0,0,1,0,0,0,0,0,39
"40","Maule","Cuarta",0,0,0,0,0,0,0,0,0,0,0,0,0,0,1,1,0,3,0,1,2,0,1,0,2,0,1,1,2,2,1,0,1,0,0,0,0,0,0,1,1,0,0,0,0,0,0,0,0,1,0,0,0,0,1,2,1,1,0,1,0,0,0,0,0,0,0,0,0,1,0,0,0,0,0,0,0,0,29
"41","Maule","Primera",9081,9230,10419,14704,13171,12568,13243,13562,13688,14958,14300,14988,14146,13981,13708,9638,11218,12712,12553,13214,13345,13707,13950,14741,15027,15058,15340,15607,15520,14921,14107,13437,13683,13182,12995,13597,13779,12564,12582,11951,12054,11995,12651,13341,13534,13657,13147,13385,12817,13029,13092,13186,13198,12871,12667,12462,12233,12139,11004,10735,10626,10484,9959,9237,9025,8569,7947,7426,7054,6863,6585,6206,5892,5542,4895,4818,4259,32165,944924
"42","Maule","Segunda",7275,7771,9012,13434,12361,11911,12609,12968,13170,14625,13948,14713,13903,13744,13460,9427,10964,12460,12302,12946,13032,13410,13678,14445,14734,14791,15045,15345,15246,14656,13870,13227,13463,12989,12826,13420,13584,12427,12444,11805,11915,11863,12531,13211,13387,13513,13024,13268,12706,12894,12984,13089,13090,12764,12575,12352,12135,12043,10909,10659,10561,10400,9880,9157,8964,8499,7891,7356,6993,6815,6524,6145,5834,5476,4833,4769,4208,31608,924265
"43","Metropolitana","Unica",0,0,0,0,0,0,0,0,0,0,0,0,0,0,0,4803,2480,1338,1221,1435,1366,1123,1010,782,696,684,650,585,614,598,540,487,487,433,446,494,474,417,396,408,366,377,374,390,361,386,295,306,257,250,266,231,229,228,194,208,161,78,6,7,4,4,6,3,5,2,5,2,3,2,3,0,1,0,0,0,0,7,28984
"44","Metropolitana","Refuerzo",1637,2384,3531,8065,7943,7957,8454,8759,9054,10883,10272,11299,11057,11247,11775,12816,12044,12356,12083,12804,12765,12862,12974,13467,13776,13841,14034,14304,14214,13640,12934,12403,12620,12164,12049,12693,12814,11762,11753,11185,11298,11288,11931,12660,12798,12896,12395,12601,12135,12263,12393,12489,12507,12200,12004,11780,11546,11403,10297,10045,9976,9832,9361,8652,8484,8009,7458,6947,6568,6401,6109,5719,5392,5043,4436,4352,3785,26731,826858
"45","Metropolitana","Cuarta",0,0,4,405,462,505,482,471,721,1688,1775,3191,3981,5006,7109,8855,8408,8660,8376,8906,8780,8862,9085,9406,9717,9768,9879,10207,10149,9793,9352,9022,9197,9100,8991,9461,9554,8924,8955,8483,8626,8791,9328,9935,10071,10097,9824,9997,9697,9866,9902,10145,10204,9894,9800,9682,9506,9456,8540,8436,8475,8322,7953,7375,7279,6826,6395,5912,5597,5467,5197,4796,4501,4201,3586,3545,3089,20146,566149
"46","Tarapacá","Primera",11119,9958,11012,15211,13126,12731,13026,13524,14026,14704,13866,13963,13689,13696,13268,9468,11666,13470,13560,14071,13458,13936,14194,15141,15264,15421,15711,16187,16587,16220,15550,14887,14295,13870,13371,14103,14355,13799,13403,12768,12826,12889,13669,13585,13610,13602,13314,12806,12247,13111,13397,13547,13364,13283,13286,13059,12453,12441,11548,11220,11065,10486,10091,9438,9320,8502,7920,7533,7194,6972,6605,6036,5753,5327,4634,4391,4018,27361,963577
"47","Tarapacá","Segunda",9129,8728,9866,14362,12615,12279,12594,13141,13700,14436,13628,13751,13503,13528,13074,9174,11363,13090,13128,13623,12972,13495,13797,14698,14832,15003,15294,15814,16232,15898,15225,14610,14074,13640,13172,13888,14156,13594,13207,12618,12671,12748,13526,13451,13489,13487,13209,12711,12154,13009,13296,13476,13291,13215,13203,12977,12385,12377,11503,11171,10996,10432,10039,9390,9278,8462,7890,7505,7157,6943,6567,6003,5723,5295,4596,4353,3994,26989,943892
"48","Tarapacá","Unica",0,0,0,0,0,0,0,0,0,0,0,0,0,0,0,4920,2037,980,733,771,1599,1145,996,744,620,574,594,593,533,481,496,436,378,356,354,329,315,298,274,272,263,236,227,231,198,206,168,168,160,156,155,143,131,109,107,132,110,41,5,2,0,1,3,2,0,1,0,1,0,0,0,0,0,0,0,0,0,1,23785
"49","Valparaíso","Refuerzo",2871,3477,4756,9744,8833,8873,9297,9809,10687,11829,11220,11550,11706,11934,12066,12959,12236,12765,12424,12825,12957,12992,13154,13714,13741,13960,14321,14836,15103,14840,14288,13732,13236,12827,12389,13144,13485,12991,12548,12097,12156,12238,13043,12962,12979,13008,12734,12316,11732,12571,12855,13064,12922,12828,12808,12591,11971,11949,11080,10776,10616,10026,9680,9006,8975,8186,7601,7236,6863,6646,6290,5714,5441,4978,4306,4076,3706,23805,863950
"50","Valparaíso","Cuarta",1,0,4,938,984,1106,1185,1236,1608,3008,3187,4253,5680,6892,8712,10044,9493,9865,9549,9657,9733,9739,9828,10330,10377,10618,11042,11497,11780,11672,11313,10970,10558,10238,10062,10782,11121,10775,10430,10146,10194,10348,11045,11038,11078,11185,10977,10679,10181,10883,11226,11445,11362,11321,11362,11028,10493,10560,9852,9515,9431,8989,8653,8123,8103,7413,6864,6510,6146,5987,5610,5064,4814,4368,3759,3532,3194,19247,641992
"51","Valparaíso","Primera",6406,6975,8205,11363,10368,10254,10605,11438,12053,13546,12732,12979,12706,12388,12253,9120,9676,10446,10391,11667,12211,12511,12597,13235,13414,13794,14308,14746,14698,14121,13630,13052,12535,12454,12294,12730,12545,12272,12080,11584,11420,11452,11990,12157,12567,12445,11839,11663,11544,11849,12084,11792,11822,11587,11169,10912,10326,10302,9494,9188,8781,8397,8008,7429,7193,6584,6126,5886,5477,5393,5108,4813,4354,4161,3736,3756,3419,23928,826533
"52","Ñuble","Segunda",5017,5776,6878,10186,9563,9516,9930,10773,11537,13181,12430,12740,12461,12175,12044,8927,9422,10184,10114,11368,11907,12205,12315,12950,13117,13520,14000,14454,14419,13830,13382,12821,12325,12235,12099,12544,12371,12108,11931,11457,11284,11312,11851,12044,12439,12313,11725,11556,11411,11744,11976,11682,11744,11464,11086,10831,10241,10199,9401,9102,8696,8326,7949,7364,7139,6525,6079,5835,5420,5364,5069,4771,4313,4119,3705,3721,3375,23507,806894
"53","Ñuble","Unica",0,0,0,0,0,0,0,0,0,0,0,0,0,0,0,4246,2960,2438,2043,1487,1306,1195,1054,984,957,993,1032,973,992,805,782,770,742,731,658,702,664,620,605,584,598,566,563,553,539,571,487,485,417,427,405,404,389,347,303,288,272,103,19,9,12,15,9,5,5,4,5,5,1,4,2,3,0,1,6,2,1,9,38157
"54","Ñuble","Refuerzo",1107,1576,2246,4914,4978,5159,5556,6151,7407,9446,8927,9608,9786,9847,10607,11833,11121,11339,10816,11449,11684,11820,11889,12342,12481,12907,13399,13796,13874,13217,12742,12253,11878,11752,11637,12131,11958,11602,11552,11075,10911,11012,11572,11681,12010,12014,11307,11193,11052,11345,11495,11302,11330,11027,10640,10411,9834,9645,8866,8586,8230,7886,7485,6923,6739,6117,5711,5449,5085,5005,4696,4398,3950,3746,3377,3359,3024,19755,728030
"55","0","Cuarta",0,0,2,176,204,227,260,305,466,1439,1522,2861,3715,4568,6678,8413,8011,8154,7663,8036,8097,8252,8294,8698,8706,9090,9492,9918,9836,9638,9181,8958,8755,8716,8660,9045,9054,8813,8801,8463,8438,8461,9017,9136,9388,9359,8798,8784,8764,8987,9157,9009,9008,8864,8590,8432,7989,7906,7224,7108,6884,6592,6281,5831,5712,5159,4806,4595,4317,4197,3864,3619,3183,3035,2726,2603,2328,14539,503857
"56","0","Primera",3355,3503,3990,5401,4955,4964,5060,5324,5477,6043,5688,6117,5633,5652,5282,4385,4843,5052,5224,5308,5387,5678,5751,6012,6017,6262,6318,6345,6461,6145,5778,5608,5529,5328,5221,5424,5378,5113,5111,4772,4765,4685,5076,5175,5189,5248,5004,5057,5020,5288,5562,5650,5518,5549,5381,5415,5288,5109,4718,4673,4529,4303,4133,4054,3931,3620,3382,3046,2977,2832,2802,2630,2295,2245,2027,2010,1707,12736,383523
"57","0","Segunda",2681,2928,3425,4906,4630,4702,4767,5069,5275,5872,5576,6005,5541,5565,5206,4311,4748,4963,5124,5222,5296,5568,5643,5926,5892,6192,6210,6241,6355,6061,5688,5525,5454,5265,5155,5361,5315,5060,5056,4724,4711,4650,5040,5113,5136,5190,4953,5016,4981,5254,5516,5606,5478,5508,5348,5373,5244,5066,4685,4640,4496,4271,4107,4034,3898,3601,3355,3022,2943,2815,2770,2606,2268,2216,2013,1988,1690,12496,375600
"58","0","Unica",0,0,0,0,0,0,0,0,0,0,0,0,0,0,0,1383,775,546,446,431,650,568,448,403,393,396,400,332,352,333,306,283,298,263,246,237,232,210,208,221,207,193,192,220,207,154,179,183,139,173,168,135,124,147,112,111,111,36,15,12,12,12,3,8,5,6,4,3,2,3,2,2,2,2,0,2,0,9,13255
"59","0","Refuerzo",532,694,1022,2412,2525,2740,2829,3096,3457,4186,4078,4675,4449,4639,4650,5189,5035,5034,5062,5107,5366,5557,5517,5682,5679,5982,6023,5988,6123,5864,5461,5318,5294,5084,5006,5197,5188,4900,4851,4621,4597,4530,4937,5014,5032,5017,4822,4885,4823,5123,5329,5410,5310,5355,5175,5218,5077,4857,4425,4404,4267,4082,3917,3847,3715,3438,3205,2873,2796,2667,2603,2448,2127,2047,1883,1828,1551,10867,339613
"60","0","Cuarta",0,1,0,82,77,78,97,115,204,626,737,1484,1746,2178,3047,3732,3698,3748,3683,3661,3879,4044,3950,4181,4153,4335,4427,4352,4582,4352,4141,3977,3998,3882,3891,4026,4065,3870,3845,3737,3653,3643,3954,4014,4013,4078,3889,3931,3955,4187,4379,4446,4429,4419,4319,4348,4258,4110,3695,3705,3637,3496,3377,3373,3219,2971,2803,2504,2423,2261,2256,2083,1802,1740,1576,1505,1267,8353,242752
"61","0","Primera",1464,1481,1611,2365,2084,2047,2098,2169,2228,2693,2364,2410,2269,2257,2135,1367,1522,1387,1369,1707,1943,2168,2198,2544,2563,2598,2794,2914,2855,2930,2895,2657,2649,2707,2592,2673,2656,2466,2482,2492,2446,2314,2459,2354,2334,2201,2086,2179,1954,2031,2203,2136,2081,2193,2194,2161,2135,2093,2065,2043,2044,1829,1815,1598,1489,1366,1258,1172,1103,1038,1021,947,852,804,765,687,677,4639,159569
"62","0","Segunda",1157,1260,1389,2203,1990,1960,2020,2100,2181,2644,2339,2392,2252,2237,2116,1341,1494,1360,1336,1670,1901,2138,2172,2505,2534,2576,2764,2877,2833,2897,2855,2634,2627,2684,2571,2656,2645,2451,2467,2472,2433,2301,2435,2347,2325,2188,2070,2164,1940,2022,2195,2122,2075,2181,2183,2157,2123,2086,2049,2029,2035,1827,1805,1587,1479,1362,1253,1168,1098,1032,1016,942,845,801,758,681,668,4582,157064
"63","0","Unica",0,0,0,0,0,0,0,0,0,0,0,0,0,0,0,1252,1032,1035,972,940,668,633,549,411,394,429,344,390,379,354,358,316,329,276,287,261,250,221,236,180,178,184,192,207,173,159,139,140,132,144,142,141,103,112,96,106,101,64,3,0,3,1,2,0,0,0,1,0,1,0,0,0,0,0,1,0,0,0,15021
"64","0","Refuerzo",220,375,579,1498,1459,1450,1519,1626,1765,2291,2035,2124,2000,1993,1969,2460,2395,2242,2132,2435,2366,2568,2503,2684,2726,2790,2895,3040,2980,3044,3020,2790,2800,2817,2721,2769,2767,2557,2606,2534,2517,2405,2531,2457,2433,2258,2129,2233,2003,2098,2259,2171,2113,2222,2191,2190,2152,2064,1991,1960,1978,1775,1741,1535,1429,1319,1212,1129,1054,988,962,910,810,770,711,643,620,4126,157633
"65","0","Cuarta",0,0,0,52,67,75,74,84,144,646,669,848,913,1092,1472,1945,1938,1778,1653,1891,1869,1999,1878,2105,2139,2211,2318,2482,2387,2480,2440,2271,2345,2327,2272,2370,2364,2188,2248,2194,2184,2088,2220,2173,2138,1986,1865,1966,1748,1839,2003,1925,1895,1980,1951,1985,1934,1851,1791,1773,1797,1625,1592,1402,1331,1203,1101,1037,938,901,880,825,741,671,644,577,561,3405,120754
"66","0","Primera",12804,11592,12978,17219,15324,14447,14541,15042,15462,16738,15652,16329,15284,15170,14941,10455,12513,14500,14533,15116,13813,14100,15267,16390,16594,16627,17245,17765,18176,17493,16786,15887,15480,14574,14526,15319,15835,14769,14438,13838,13907,14495,15144,15146,15120,15117,14811,14287,14028,14945,15430,15572,15544,15150,14900,14960,14124,14290,13158,12723,12544,12032,11760,10533,11009,10011,9243,8784,8279,8018,7285,7039,6471,6246,5449,5070,4597,31925,1074708
"67","0","Segunda",10451,10115,11548,16213,14606,13898,14062,14601,15059,16430,15398,16101,15058,14956,14741,10210,12245,14210,14194,14763,13450,13716,14862,16041,16198,16258,16839,17388,17809,17160,16462,15632,15216,14310,14290,15121,15625,14561,14284,13684,13748,14342,15012,15007,14997,14984,14692,14168,13938,14835,15325,15472,15438,15037,14815,14860,14051,14214,13077,12664,12471,11966,11699,10479,10947,9959,9194,8745,8234,7971,7233,6993,6426,6192,5411,5038,4562,31481,1053442
"68","0","Unica",0,0,0,0,0,0,0,0,0,0,0,0,0,0,0,5360,2496,1120,913,829,2519,2393,1355,911,754,742,740,692,645,652,576,565,479,466,430,412,439,424,389,374,334,341,357,360,327,290,238,264,264,244,244,247,232,184,191,200,173,120,11,3,3,5,2,0,2,3,1,0,1,0,0,1,0,0,0,0,0,1,31318
"69","0","Refuerzo",2794,3613,5180,10396,9942,9819,10082,10439,11315,13250,12413,13496,12846,13179,13515,14383,13613,14088,13719,14103,14478,14576,14622,15241,15307,15377,15937,16480,16855,16202,15614,14826,14377,13579,13601,14389,14969,13971,13726,13212,13176,13793,14522,14540,14578,14520,14204,13737,13512,14401,14904,15054,14994,14583,14394,14429,13600,13734,12561,12158,12018,11502,11218,10059,10550,9549,8822,8396,7874,7598,6859,6631,6055,5828,5069,4704,4222,27604,965476
"70","0","Cuarta",0,1,7,788,930,1014,1017,1078,1336,3303,3493,5337,6168,7302,9613,11119,10531,10888,10504,10722,10921,10942,11063,11532,11594,11680,12172,12630,12991,12542,12188,11604,11375,10784,10906,11583,12122,11350,11187,10848,10760,11404,12048,12151,12237,12232,11965,11702,11532,12318,12766,12850,12905,12584,12525,12542,11803,11966,11059,10726,10594,10258,10004,8977,9407,8507,7869,7445,7008,6787,6039,5815,5288,5079,4368,3990,3547,21802,710024
"71","0","Primera",81194,71573,79576,107453,94169,91026,92387,93663,94528,100853,93351,94318,91963,92175,91192,64285,85055,98702,99987,101112,96755,106622,111352,122894,124508,127224,129654,134051,135121,132023,124883,119318,114556,110811,107200,109571,111383,103909,100194,95073,91266,90872,94624,97053,97448,96993,95842,91384,87101,88264,89079,89510,91008,91783,90380,90791,85981,84251,78051,75138,72813,69001,64360,57384,56662,51850,48473,45690,44652,42712,40515,38467,35642,34137,30970,29028,26492,191450,6912781
"72","0","Segunda",65384,61615,70100,100153,89695,87211,88898,90361,91702,98639,91546,92667,90468,90676,89720,62523,83196,96516,97511,98636,93988,103703,108329,119731,121419,124159,126595,131075,132362,129329,122347,116988,112516,108902,105321,107827,109713,102456,98800,93732,90099,89766,93588,96010,96412,96002,94889,90545,86352,87553,88380,88847,90326,91106,89783,90139,85416,83691,77497,74693,72382,68600,63988,57086,56349,51566,48199,45450,44385,42470,40270,38261,35397,33907,30768,28813,26258,188891,6760643
"73","0","Unica",0,0,0,0,0,0,0,0,0,0,0,0,0,0,0,35107,12994,5709,5185,9072,17795,12114,11157,7770,7251,7090,6998,6541,6092,5866,5424,5034,4627,4247,3933,3803,3886,3425,3173,2894,2611,2539,2147,2263,2042,1836,1775,1581,1408,1382,1288,1217,1105,1086,1010,944,805,433,59,37,27,32,16,14,10,13,4,7,5,3,5,2,1,3,0,1,1,9,224908
"74","0","Refuerzo",17616,21052,29229,61442,58211,57817,60112,62120,68060,78924,73741,76760,76935,79640,82050,89625,88324,93464,93241,97464,100774,104235,107506,114768,116081,118416,120815,124794,125851,123308,116896,111747,107653,104152,101069,103577,105898,98849,95533,90699,87350,87177,90912,93445,93795,93204,92347,88219,84065,85200,85945,86572,88112,88838,87492,87814,83019,81101,74730,72058,69914,66186,61708,55013,54477,49794,46427,43830,42636,40923,38650,36659,33849,32323,29274,27291,24793,170330,6213920
"75","0","Cuarta",4,1,13,4906,5280,5817,6126,6706,8836,19246,19858,28435,37389,46232,59697,69505,68801,72658,71958,74494,76727,79194,81775,87865,89217,91219,94050,97821,99615,98000,93373,89623,86928,84647,82622,85190,87613,82100,79878,76486,73985,74249,78168,80489,81022,80834,80391,77085,73856,74790,75640,76392,78041,78837,77675,78093,74010,72441,66869,64956,63236,59890,56018,50097,49677,45443,42393,40021,39105,37392,35182,33258,30651,29180,26243,24394,22033,143034,4694975
"76","0","Primera",4291,4078,4701,6243,5794,5536,5761,5862,5771,6350,5874,5939,5437,5598,5502,5107,5222,5612,5770,6071,6280,6350,6615,6770,6833,6859,6894,7065,6870,6835,6651,6323,5931,5917,5757,5900,5999,5577,5240,4983,4918,4892,4623,4587,4625,4558,4418,4055,3947,3758,3761,3791,3677,3659,3583,3649,3479,3409,3053,2939,2878,2827,2872,2458,2479,2119,1915,1884,1638,1557,1425,1318,1158,1072,1010,881,760,5433,351233
"77","0","Segunda",3141,3129,3769,5404,5121,4930,5264,5356,5363,5978,5567,5676,5190,5353,5268,4813,4874,5230,5359,5648,5843,5935,6182,6378,6478,6503,6556,6778,6585,6577,6419,6109,5724,5730,5609,5734,5848,5449,5118,4849,4805,4783,4517,4495,4518,4484,4358,4003,3888,3692,3706,3732,3629,3610,3540,3605,3427,3361,3010,2899,2845,2797,2841,2439,2458,2095,1893,1866,1625,1544,1410,1303,1147,1063,997,875,739,5354,334190
"78","0","Unica",0,0,0,0,0,0,0,0,0,0,0,0,0,0,0,893,765,787,814,817,814,861,823,804,816,745,690,679,691,617,558,552,493,469,429,452,412,393,355,326,282,286,228,234,223,205,184,185,156,147,140,140,125,106,99,88,88,23,7,5,3,5,0,3,0,2,1,2,0,1,0,1,0,0,0,1,0,1,19026
"79","0","Refuerzo",918,1069,1561,3027,2941,3032,3359,3423,3640,4537,4346,4554,4258,4470,4604,4877,4767,4960,5042,5342,5503,5612,5795,6002,6145,6202,6260,6466,6340,6394,6164,5862,5527,5499,5424,5550,5665,5339,4982,4737,4653,4688,4408,4373,4440,4363,4254,3913,3791,3606,3620,3655,3538,3529,3458,3528,3342,3237,2895,2774,2715,2695,2714,2357,2372,2022,1814,1791,1554,1468,1350,1244,1092,999,941,818,693,4729,299628
"80","0","Cuarta",0,0,0,117,115,143,185,180,255,924,1065,1608,1877,2290,2980,3519,3369,3366,3402,3539,3736,3722,3908,4047,4165,4312,4417,4710,4583,4716,4522,4367,4170,4186,4147,4313,4444,4239,3915,3770,3721,3829,3590,3609,3655,3651,3555,3256,3197,3053,3125,3126,3063,3038,3028,3084,2881,2829,2536,2436,2383,2390,2423,2093,2100,1794,1610,1599,1386,1300,1203,1086,940,861,836,692,572,3794,206647
"81","0","Primera",18103,16987,19570,27085,23878,23331,24041,24273,24536,26276,24558,25240,25111,24493,23981,20138,22707,25446,25576,25656,24366,25895,26555,28600,28814,29150,29344,30702,30510,29976,28348,27567,26514,25496,25477,26468,26777,25107,24411,23547,22682,23145,23724,24379,24038,23826,23500,23189,22471,23390,24041,24697,24836,25011,24979,25337,24296,23993,22851,22381,22270,21060,20285,18680,18521,17227,16149,15172,15037,14285,13617,12856,12394,11864,10755,9796,9213,66309,1816866
"82","0","Segunda",14531,14373,17126,25145,22558,22262,23005,23299,23677,25617,24028,24751,24651,24044,23592,19631,22213,24834,24938,24955,23702,25150,25788,27838,28092,28458,28657,30044,29824,29366,27774,27019,26012,25069,25020,26002,26344,24671,24009,23224,22373,22860,23441,24080,23755,23570,23243,22938,22245,23176,23829,24486,24635,24803,24809,25128,24094,23825,22695,22220,22143,20925,20164,18574,18401,17140,16058,15089,14953,14206,13535,12775,12314,11789,10670,9726,9133,65417,1776510
"83","0","Unica",0,0,0,0,0,0,0,0,0,0,0,0,0,0,0,6191,3078,1598,1352,2448,4064,2978,2757,1829,1727,1608,1510,1505,1387,1390,1214,1166,1088,966,913,870,916,811,772,700,642,625,539,488,450,431,429,348,350,346,322,324,333,285,254,249,258,104,10,10,8,9,4,7,3,0,3,1,2,2,2,2,0,0,2,1,0,4,51685
"84","0","Refuerzo",3659,4615,7057,15362,14702,14822,15659,16049,16807,19795,18760,19881,20559,20626,21189,23447,22874,23805,23575,24468,24700,24950,25406,26358,26473,26805,27020,28327,28215,27792,26108,25564,24589,23625,23769,24768,25135,23518,22888,22291,21498,21989,22533,23171,22786,22666,22327,22064,21373,22238,22967,23606,23819,23924,23957,24244,23277,22836,21756,21227,21196,20015,19334,17827,17638,16406,15407,14463,14330,13574,12919,12135,11745,11161,10016,9120,8533,57936,1614025
"85","0","Cuarta",1,3,3,1062,1255,1355,1526,1576,1933,4358,4576,6912,9437,11144,14580,17333,16964,17634,17380,17832,17890,18240,18382,19091,19250,19770,20243,21192,21269,21053,19982,19581,18928,18340,18685,19576,20075,18827,18420,18256,17578,18075,18738,19188,19088,19039,18727,18667,18043,18862,19532,20229,20372,20556,20547,21091,20154,19819,18995,18620,18639,17729,17250,15847,15786,14640,13830,12979,12846,12181,11622,10839,10393,9877,8770,7989,7344,47304,1185699
"86","0","Primera",5146,4988,5332,7335,6307,6043,6418,6575,6686,7620,7097,7515,7091,7159,6897,6136,6147,6537,6463,6702,6679,7041,6784,7206,7098,7405,7559,7605,7668,7391,7196,7082,6833,6568,6408,6821,6951,6714,6438,6211,6188,6026,6569,6891,7176,7469,7386,7349,6969,7345,7437,7477,7376,7291,7135,7048,6964,7033,6425,6290,6113,5884,5515,5321,5227,4845,4419,4254,4112,3994,3813,3532,3378,3021,2862,2710,2515,17141,498352
"87","0","Segunda",4325,4396,4822,6932,6077,5859,6243,6426,6541,7495,6991,7441,7010,7083,6831,6066,6047,6450,6355,6601,6567,6919,6667,7081,7003,7288,7450,7498,7551,7308,7112,7003,6763,6501,6341,6765,6884,6669,6366,6152,6137,5991,6526,6845,7129,7418,7327,7301,6939,7310,7404,7435,7341,7240,7104,7006,6931,6990,6390,6261,6086,5866,5499,5305,5201,4824,4395,4233,4092,3980,3786,3515,3358,3002,2843,2684,2495,16931,490999
"88","0","Unica",0,0,0,0,0,0,0,0,0,0,0,0,0,0,0,1182,710,609,565,589,443,368,381,340,325,306,308,317,299,274,247,241,242,244,195,204,216,193,185,173,154,142,153,177,163,144,169,112,124,136,122,104,85,99,96,83,67,44,6,3,2,3,3,3,1,2,0,0,0,0,1,0,0,0,0,0,0,0,11354
"89","0","Refuerzo",1493,1805,2582,4925,4723,4569,5010,5100,5142,6184,5738,6347,6030,6278,6294,6774,6295,6561,6384,6622,6451,6678,6434,6793,6725,6935,7132,7157,7220,6989,6809,6741,6537,6297,6108,6536,6694,6481,6151,5943,5959,5815,6347,6660,6901,7229,7150,7059,6757,7131,7191,7222,7122,7043,6880,6804,6729,6764,6171,6027,5882,5645,5310,5107,4997,4662,4224,4093,3908,3809,3608,3331,3193,2842,2686,2511,2318,15009,455763
"90","0","Cuarta",0,0,2,528,652,651,729,751,760,1868,1831,2741,2992,3690,4438,5209,4848,5046,4874,5018,4854,4999,4847,5128,5021,5258,5400,5369,5557,5379,5272,5278,5127,4907,4838,5245,5356,5272,4953,4784,4871,4783,5290,5526,5732,6043,5982,5962,5726,6034,6100,6176,6108,6057,5971,5842,5839,5883,5400,5300,5231,5041,4730,4548,4480,4220,3784,3703,3511,3374,3204,2902,2781,2475,2359,2155,1990,12110,336695
